{
  "weights": [
    2.215224263855383,
    1.428872347029828,
    39.65707787840664,
    0.6839457164002206,
    0.004218728515219699,
    1.5461555043531399,
    0.6053362331332608,
    0.00017960265004312914,
    0.4232897405891106,
    0.010103336909480114,
    0.9059105596971021,
    0.5290636889275951,
    1.3091061934341282,
    0.4176393732559096
  ],
  "score": 1.0
}